,word,count
0,gut,349
1,app,219
2,schon,217
3,einfach,210
4,halt,202
5,vielleicht,182
6,nochmal,180
7,ganz,170
8,mal,168
9,bisschen,156
10,mehr,147
11,irgendwie,145
12,glaube,140
13,immer,139
14,fand,137
15,gemacht,133
16,eigentlich,127
17,sagen,112
18,ah,107
19,eben,106
20,wirklich,95
21,gibt,95
22,tatsächlich,93
23,natürlich,92
24,finde,90
25,gesagt,90
26,weiß,89
27,ähm,87
28,gerade,83
29,wäre,81
30,kapitel,80
31,fall,80
32,beispiel,78
33,hätte,78
34,geht,76
35,situation,76
36,geburt,76
37,gerne,71
38,fragen,70
39,kommunikation,61
40,frage,60
41,gar,58
42,sachen,57
43,personal,54
44,macht,53
45,klar,53
46,kurz,52
47,lacht,52
48,eher,49
49,zeit,47
50,dachte,46
51,gefühl,46
52,zwei,41
53,wissen,40
54,richtig,40
55,wurde,38
56,verstanden,38
57,sagt,38
58,wichtig,38
59,funktioniert,38
60,erste,38
61,dank,37
62,nutzen,37
63,teil,37
64,situationen,37
65,hilfreich,37
66,besser,36
67,quasi,36
68,viele,36
69,punkt,36
70,gedacht,34
71,kommt,33
72,hebamme,33
73,oh,32
74,darum,32
75,gute,31
76,vorher,31
77,super,31
78,lachtt,30
79,ersten,29
80,erfahren,29
81,wahrscheinlich,29
82,sowas,29
83,beim,28
84,isbar,28
85,selber,28
86,praktisch,27
87,lachti,27
88,stück,27
89,gespräch,27
90,rein,27
91,manchmal,27
92,schnell,27
93,teilweise,27
94,kind,27
95,moment,27
96,gedanken,27
97,vielen,26
98,gab,26
99,jat,26
100,seiten,26
101,erstmal,25
102,deswegen,25
103,einzelnen,25
104,ging,25
105,arzt,25
106,forschungsprojekt,25
107,davon,25
108,problem,24
109,schwierig,24
110,ziel,24
111,bekommen,24
112,spannend,24
113,baby,23
114,jai,23
115,drei,23
116,gefragt,23
117,mutter,23
118,glaub,23
119,techniker,23
120,sozusagen,23
121,weit,22
122,insgesamt,22
123,konnte,22
124,hintergrund,22
125,technisch,22
126,frauen,22
127,tk,22
128,überlegt,22
129,soweit,21
130,generell,21
131,direkt,21
132,gefallen,21
133,möchte,21
134,vier,21
135,partner,21
136,oft,21
137,dafür,21
138,ziemlich,21
139,n,21
140,äh,21
141,heißt,20
142,gruppen,20
143,apps,20
144,kommen,20
145,letzten,20
146,genutzt,20
147,besonders,20
148,fanden,20
149,drauf,20
150,möglichkeit,20
151,seite,20
152,drüber,20
153,relativ,20
154,mache,19
155,wochen,19
156,gekommen,19
157,dadurch,19
158,schön,19
159,empathie,19
160,punkte,19
161,lange,19
162,werdenden,19
163,total,19
164,hebammen,19
165,lektionen,19
166,gehabt,18
167,dabei,18
168,konnten,18
169,hast,18
170,geschult,18
171,speaking,18
172,hätten,18
173,idee,18
174,mann,18
175,gleich,18
176,online,17
177,interviews,17
178,motivation,17
179,ende,17
180,nächsten,17
181,prinzip,17
182,danach,17
183,sage,17
184,versuchen,17
185,chance,17
186,nachricht,17
187,her,17
188,thema,17
189,ergänzen,17
190,müssen,17
191,tschüss,17
192,konkret,17
193,gehen,16
194,anwenden,16
195,länger,16
196,gucken,16
197,irgendwas,16
198,eigenen,16
199,interessant,16
200,darauf,16
201,überhaupt,16
202,drin,16
203,up,16
204,nachhinein,16
205,finden,16
206,vorteil,16
207,trotzdem,16
208,ahnung,16
209,loop,16
210,nächste,16
211,woche,16
212,tag,16
213,erfüllt,16
214,training,16
215,sinnvoll,15
216,paar,15
217,recht,15
218,handy,15
219,letzte,15
220,inhalte,15
221,krankenkasse,15
222,mensch,15
223,antworten,15
224,persönlich,15
225,beantwortet,15
226,gehört,15
227,nee,15
228,jan,15
229,nein,15
230,herzlichen,15
231,wünsche,15
232,verstehe,15
233,wenig,15
234,schwangerschaft,14
235,ganze,14
236,wegen,14
237,kam,14
238,anfang,14
239,später,14
240,stimmt,14
241,perspektivwechsel,14
242,beispiele,14
243,erst,14
244,sehen,14
245,mütter,14
246,müttern,14
247,ereignisse,14
248,darüber,14
249,zweite,14
250,fande,14
251,ach,14
252,positiv,14
253,grundsätzlich,14
254,angefangen,14
255,gleichzeitig,14
256,alltag,13
257,art,13
258,guter,13
259,sogar,13
260,fünf,13
261,werdende,13
262,durchgemacht,13
263,geklappt,13
264,überlegen,13
265,naja,13
266,vorfeld,13
267,reduzieren,13
268,nachteil,13
269,close,13
270,kommunizieren,13
271,weniger,13
272,alleine,13
273,lektion,13
274,worum,12
275,teilen,12
276,unverständlich,12
277,tun,12
278,zehn,12
279,komplett,12
280,denkt,12
281,verbessert,12
282,verschiedenen,12
283,na,12
284,glück,12
285,vorstellen,12
286,daher,12
287,möchten,12
288,denen,12
289,nachfragen,12
290,informationen,12
291,the,12
292,erinnerung,12
293,vorbereitung,12
294,medizinischen,12
295,hilft,12
296,länge,12
297,gegenüber,12
298,präsent,12
299,danke,12
300,klinik,12
301,heute,12
302,selbsteinschätzung,12
303,namen,11
304,sinn,11
305,termin,11
306,sache,11
307,bessere,11
308,übernommen,11
309,ija,11
310,versucht,11
311,kopf,11
312,gesehen,11
313,minuten,11
314,bedürfnisse,11
315,lassen,11
316,sowieso,11
317,leute,11
318,emm,11
319,schulung,11
320,corona,11
321,stelle,11
322,teile,11
323,gewünscht,11
324,schulungen,10
325,lernen,10
326,sinne,10
327,worden,10
328,aufgefallen,10
329,ändern,10
330,lesen,10
331,verstehen,10
332,unerwünschten,10
333,zweiten,10
334,iok,10
335,nehmen,10
336,geburtshilfe,10
337,väter,10
338,projekt,10
339,irgendwann,10
340,ulm,10
341,ungefähr,10
342,wären,10
343,anstrengend,10
344,dran,10
345,zwischendurch,10
346,anwendung,10
347,denke,10
348,erwartungen,10
349,stellen,10
350,richtige,10
351,genommen,10
352,wann,10
353,modul,10
354,spreche,9
355,genaui,9
356,hinweis,9
357,verschiedene,9
358,notizen,9
359,zurück,9
360,gestellt,9
361,gutes,9
362,raus,9
363,interprofessionell,9
364,ehrlich,9
365,verbessern,9
366,stunde,9
367,daran,9
368,verändert,9
369,unerwünschte,9
370,zeitautonom,9
371,,9
372,erwähnt,9
373,ganzen,9
374,dauert,9
375,beziehungsweise,9
376,sicher,9
377,schwer,9
378,link,9
379,leichter,9
380,cetera,9
381,gefunden,9
382,reagieren,9
383,ab,9
384,nämlich,9
385,wiederholen,9
386,vorbereitet,9
387,studie,8
388,schulungsinhalte,8
389,schwanger,8
390,irgendwelche,8
391,nutze,8
392,geändert,8
393,okt,8
394,denken,8
395,warum,8
396,neun,8
397,bereich,8
398,bewusst,8
399,wer,8
400,wurden,8
401,umzusetzen,8
402,unverständlichi,8
403,sollten,8
404,besteht,8
405,vätern,8
406,mindestens,8
407,komme,8
408,mag,8
409,sag,8
410,wusste,8
411,nie,8
412,probleme,8
413,profitieren,8
414,kliniken,8
415,müsste,8
416,kreissaal,8
417,passiert,8
418,gemerkt,8
419,sehe,8
420,eindruck,8
421,plan,8
422,praktischen,8
423,phase,8
424,geholfen,8
425,rückfragen,8
426,völlig,8
427,tage,8
428,praxis,8
429,schöne,8
430,abgeschlossen,8
431,person,8
432,neu,8
433,et,8
434,brauche,8
435,aufmerksam,8
436,fertig,8
437,bisher,8
438,lerneinheit,8
439,irgendwo,8
440,üben,8
441,menschen,8
442,möglich,7
443,vierten,7
444,jahr,7
445,gruppe,7
446,eins,7
447,geschafft,7
448,toll,7
449,erklärt,7
450,wort,7
451,übung,7
452,blöd,7
453,spricht,7
454,tablet,7
455,mach,7
456,steht,7
457,voll,7
458,sowohl,7
459,aktives,7
460,kapiteln,7
461,technische,7
462,glauben,7
463,verhaltensplanung,7
464,tnich,7
465,frauenärztin,7
466,meinte,7
467,dahinter,7
468,egal,7
469,konkrete,7
470,gegeben,7
471,bitte,7
472,passt,7
473,liegt,7
474,angebot,7
475,regelversorgung,7
476,stress,7
477,ansonsten,7
478,theoretisch,7
479,vermeidbare,7
480,aufgenommen,7
481,ordnung,7
482,eigene,7
483,angesprochen,7
484,unterschiedlich,7
485,wahrgenommen,7
486,gibt’s,7
487,stark,7
488,medizinische,7
489,unterschiedliche,7
490,gefühlt,7
491,selten,7
492,entweder,7
493,grad,7
494,sicherlich,7
495,zumindest,7
496,technik,7
497,jeweils,7
498,leider,7
499,dritten,7
500,folgt,7
501,lachen,7
502,lust,7
503,versuche,7
504,verständnis,7
505,eh,7
506,interaktiv,7
507,näh,7
508,vorbereiten,7
509,einerseits,7
510,beiden,6
511,ärzten,6
512,daten,6
513,übungen,6
514,obwohl,6
515,fühlt,6
516,fragebogen,6
517,raum,6
518,kriegt,6
519,stressmanagement,6
520,könnten,6
521,transportieren,6
522,hört,6
523,deshalb,6
524,pda,6
525,nehme,6
526,hoffe,6
527,ärzte,6
528,email,6
529,praktische,6
530,fast,6
531,arztgespräch,6
532,kommuniziert,6
533,beispielen,6
534,kenne,6
535,sicherer,6
536,main,6
537,nutzt,6
538,babyzeit,6
539,kannte,6
540,vergessen,6
541,geschrieben,6
542,kannten,6
543,schirm,6
544,ausfüllen,6
545,einzelne,6
546,ausreichend,6
547,neues,6
548,braucht,6
549,ausdrücken,6
550,fällt,6
551,gestaltet,6
552,kleinen,6
553,dankeschön,6
554,schmerzen,6
555,strategien,6
556,strategie,6
557,geben,6
558,anfangen,6
559,vergangenheit,6
560,browser,6
561,tut,6
562,kaiserschnitt,6
563,vermeidbaren,6
564,pause,6
565,besten,6
566,hey,6
567,methoden,6
568,regel,6
569,patient,6
570,telefon,6
571,hören,6
572,weise,6
573,vollkommen,6
574,ähnlich,6
575,schlecht,5
576,endgerät,5
577,ding,5
578,nachdem,5
579,ausgewertet,5
580,früher,5
581,gesundheit,5
582,mehrere,5
583,zusammen,5
584,wichtigste,5
585,falsch,5
586,grund,5
587,soi,5
588,genug,5
589,durchgeführt,5
590,lässt,5
591,inhalten,5
592,reale,5
593,lasse,5
594,karteikarten,5
595,cool,5
596,gewisse,5
597,nachher,5
598,frau,5
599,reinversetzen,5
600,unbedingt,5
601,geburtssituation,5
602,aufbau,5
603,bekommt,5
604,nummer,5
605,profitiert,5
606,bringen,5
607,negatives,5
608,erklären,5
609,sogenannte,5
610,dritte,5
611,versicherten,5
612,ahh,5
613,schief,5
614,modell,5
615,sieben,5
616,mitgenommen,5
617,zeitpunkt,5
618,achso,5
619,lang,5
620,verbesserungsvorschläge,5
621,großen,5
622,zufrieden,5
623,gebracht,5
624,schönen,5
625,uni,5
626,kasse,5
627,durchgeklickt,5
628,mitnehmen,5
629,gemeint,5
630,längere,5
631,davor,5
632,erzählen,5
633,führen,5
634,teams,5
635,nötig,5
636,merken,5
637,meisten,5
638,einzige,5
639,perspektive,5
640,oben,5
641,einschätzen,5
642,gedauert,5
643,beschäftigen,5
644,studium,5
645,beruf,5
646,frankfurt,5
647,geführt,5
648,per,5
649,erinnere,5
650,wichtigsten,5
651,menge,5
652,beschäftigt,5
653,bewusstsein,5
654,übernimmt,5
655,monaten,5
656,ausführlich,5
657,reicht,5
658,aufgehört,5
659,integrieren,5
660,intuitiv,5
661,interview,5
662,inhaltlich,5
663,nachgedacht,5
664,viertel,5
665,auszudrücken,5
666,ichs,5
667,guck,5
668,schluss,5
669,erkläre,5
670,informiert,5
671,zusammenhang,5
672,bewertung,5
673,ärztinnen,5
674,patienten,5
675,möglichkeiten,5
676,kleiner,5
677,richtung,5
678,unterschiedlichen,5
679,ernst,5
680,diejenigen,4
681,persönliche,4
682,team,4
683,gepasst,4
684,benutzen,4
685,teambaby,4
686,durchgearbeitet,4
687,konkreten,4
688,gesprochen,4
689,fehlt,4
690,zugesagt,4
691,wiederholung,4
692,technischen,4
693,struktur,4
694,alsot,4
695,sodass,4
696,groß,4
697,stehen,4
698,ausbildung,4
699,je,4
700,sollen,4
701,eltern,4
702,genauso,4
703,ärztin,4
704,kinderarzt,4
705,reinzuversetzen,4
706,closetheloop,4
707,format,4
708,mehrmals,4
709,ereignissen,4
710,find,4
711,rüberbringen,4
712,rüber,4
713,umgehen,4
714,reaktion,4
715,schlimm,4
716,antwort,4
717,wichtiges,4
718,auswählen,4
719,extrem,4
720,bevor,4
721,arbeiten,4
722,blick,4
723,gewusst,4
724,erlebt,4
725,ausgedrückt,4
726,hinterkopf,4
727,lieber,4
728,nennen,4
729,themen,4
730,gearbeitet,4
731,versuch,4
732,oderi,4
733,anbieten,4
734,alsoi,4
735,entscheidungen,4
736,angewendet,4
737,angeboten,4
738,bedürfnis,4
739,erinnern,4
740,aufmachung,4
741,niemand,4
742,rolle,4
743,studierenden,4
744,insbesondere,4
745,zeitlich,4
746,monat,4
747,xxxx,4
748,echt,4
749,geblieben,4
750,verschieden,4
751,verzichten,4
752,gestalten,4
753,text,4
754,formulieren,4
755,schauen,4
756,xxxxx,4
757,möglichst,4
758,kriegen,4
759,gleichen,4
760,entspannt,4
761,offene,4
762,smartphone,4
763,verbesserung,4
764,vorschläge,4
765,zuerst,4
766,anreise,4
767,kommunikationskompetenzen,4
768,information,4
769,bestimmt,4
770,mitte,4
771,unten,4
772,kommunikationsstrategien,4
773,öfter,4
774,punkten,4
775,erfolg,4
776,weiterhin,4
777,kommuniziere,4
778,grunde,4
779,interessiert,4
780,irgendetwas,4
781,beurteilen,4
782,bedeutet,4
783,sprechen,4
784,bleibt,4
785,sogenannten,4
786,gelungen,4
787,gruppendynamisch,4
788,mutterschutz,4
789,geworden,4
790,reflektieren,4
791,warten,4
792,ruhig,4
793,unterschiede,4
794,gesundheits,4
795,gucke,4
796,fände,4
797,gruppendynamik,4
798,hab’s,4
799,fange,4
800,vermeiden,4
801,mussten,4
802,durchgehen,4
803,umfang,4
804,steckt,4
805,helfen,4
806,erfahrung,4
807,patientin,4
808,jemand,4
809,denk,4
810,tipps,4
811,neunten,4
812,sitzt,4
813,zuhören,4
814,ruhe,4
815,anspruch,4
816,terminen,4
817,fänd,4
818,vornehmen,4
819,personals,4
820,kommunikationstraining,4
821,angeguckt,4
822,skala,4
823,stresssituation,4
824,auswertung,4
825,botschaft,4
826,usw,4
827,andererseits,4
828,begegnet,4
829,planen,4
830,geburtsplan,4
831,argumente,4
832,krankenhaus,4
833,sofort,4
834,lacheni,4
835,definition,4
836,kommunikationsstrategie,4
837,höflicher,4
838,höre,3
839,isoliertes,3
840,diktiergerät,3
841,anonym,3
842,angekommen,3
843,froh,3
844,ausprobiert,3
845,social,3
846,media,3
847,unserer,3
848,zeitraum,3
849,nacheinander,3
850,überprüfung,3
851,gezeigt,3
852,merke,3
853,reine,3
854,sinnlos,3
855,überfordert,3
856,bild,3
857,sieht,3
858,gelassen,3
859,gemeinsam,3
860,nichti,3
861,englisch,3
862,erklärung,3
863,meistens,3
864,closedloop,3
865,zeigen,3
866,falls,3
867,aufgemacht,3
868,zurückgehen,3
869,abgebrochen,3
870,reduzierung,3
871,regelangebot,3
872,kollegin,3
873,ausführen,3
874,findet,3
875,drinne,3
876,etappen,3
877,arbeit,3
878,fühlen,3
879,merkt,3
880,wechseln,3
881,vieles,3
882,angehen,3
883,dingen,3
884,deutlich,3
885,dienst,3
886,gott,3
887,aha,3
888,bezug,3
889,überlege,3
890,ansatz,3
891,gewirkt,3
892,abfrage,3
893,abgefragt,3
894,speaker,3
895,offen,3
896,veränderung,3
897,kinder,3
898,bestimmte,3
899,krankenkassen,3
900,krank,3
901,zeitabschnitten,3
902,ichi,3
903,sicht,3
904,wars,3
905,optimal,3
906,okn,3
907,hineinversetzen,3
908,konzept,3
909,gebären,3
910,nachdenken,3
911,reden,3
912,reflektion,3
913,extra,3
914,letztendlich,3
915,passieren,3
916,besonderen,3
917,vorwissen,3
918,schwieriger,3
919,nachfrage,3
920,trotz,3
921,gesundheitsapps,3
922,spaß,3
923,gerät,3
924,datenschutz,3
925,abgeschrieben,3
926,bewusster,3
927,professionellen,3
928,vermitteln,3
929,saß,3
930,hmm,3
931,sechs,3
932,guckt,3
933,geguckt,3
934,hängen,3
935,termine,3
936,vorgestellt,3
937,nachzudenken,3
938,video,3
939,gespräche,3
940,ausführlicher,3
941,gebärenden,3
942,übrigens,3
943,auszufüllen,3
944,prioritäten,3
945,rufen,3
946,wofür,3
947,insofern,3
948,reaktionen,3
949,aktive,3
950,schonmal,3
951,gestresst,3
952,gegangen,3
953,dai,3
954,anzusprechen,3
955,durchklicken,3
956,benutzt,3
957,geschehen,3
958,weihnachten,3
959,deutschland,3
960,falsche,3
961,belastungen,3
962,führe,3
963,erstes,3
964,feedback,3
965,kompetenzen,3
966,wissenschaft,3
967,achten,3
968,aufgeschrieben,3
969,hinbekommen,3
970,erfahrungen,3
971,geleitet,3
972,reichen,3
973,pc,3
974,arztbesuch,3
975,herausforderung,3
976,optimieren,3
977,hinweise,3
978,austausch,3
979,direkten,3
980,einfallen,3
981,vorschlagen,3
982,hm,3
983,acht,3
984,weglassen,3
985,worauf,3
986,bekannt,3
987,nachzufragen,3
988,tb,3
989,pos,3
990,vater,3
991,packen,3
992,vorgenommen,3
993,allgemein,3
994,abgelenkt,3
995,technisches,3
996,gehalten,3
997,weiterverfolgt,3
998,führt,3
999,anfängt,3
1000,gesucht,3
1001,hürde,3
1002,interessieren,3
1003,männern,3
1004,unterschied,3
1005,endes,3
1006,notwendig,3
1007,berufsgruppen,3
1008,zeitdruck,3
1009,eigentliche,3
1010,laufen,3
1011,teils,3
1012,plötzlich,3
1013,anderthalb,3
1014,aktuell,3
1015,web,3
1016,version,3
1017,anwende,3
1018,vergewissern,3
1019,musst,3
1020,genervt,3
1021,iah,3
1022,lerne,3
1023,gewollt,3
1024,nachfragt,3
1025,fänden,3
1026,leid,3
1027,allein,3
1028,nachdenkt,3
1029,anpassen,3
1030,lebensalltag,3
1031,bahn,3
1032,apple,3
1033,aufgebaut,3
1034,spracheingabe,3
1035,derjenige,3
1036,siri,3
1037,abgetippt,3
1038,rahmen,3
1039,wesentlichen,3
1040,regelbetrieb,3
1041,rutsch,3
1042,starten,3
1043,wochenende,3
1044,computer,3
1045,schreiben,3
1046,zettel,3
1047,vergisst,3
1048,empfehlen,3
1049,allerdings,3
1050,pflichtfeld,3
1051,wahrzunehmen,3
1052,bereits,3
1053,läuft,3
1054,gekannt,3
1055,aufs,3
1056,einfällt,3
1057,dazwischen,3
1058,probiere,3
1059,hilfreiche,3
1060,module,3
1061,neue,3
1062,lessons,3
1063,schwierigkeiten,3
1064,bzw,3
1065,gespannt,3
1066,belegt,3
1067,seit,3
1068,schneller,3
1069,stand,3
1070,zusammenfassung,3
1071,interaktiver,3
1072,jemanden,3
1073,irgendeiner,3
1074,em,3
1075,neben,3
1076,tndas,3
1077,arbeite,3
1078,stellt,3
1079,tnja,3
1080,knapp,3
1081,rum,3
1082,gehe,3
1083,klingelt,3
1084,wollten,3
1085,prozent,3
1086,thematisch,3
1087,textfeld,3
1088,perfekt,3
1089,professionell,3
1090,bewerten,3
1091,mmm,3
1092,typisches,3
1093,unsicherheit,3
1094,geburtskliniken,3
1095,zusammenarbeiten,3
1096,bald,3
1097,erleichtern,3
1098,aussage,3
1099,wiederholt,3
1100,anliegen,3
1101,nachzuvollziehen,3
1102,kompliziert,3
1103,kennt,3
1104,zustand,3
1105,mitbringe,3
1106,bleiben,3
1107,professionen,3
1108,einzufordern,3
1109,beruhigt,3
1110,spezifisch,3
1111,los,3
1112,gesprächen,3
1113,fragenkatalog,3
1114,ps,3
1115,höflich,3
1116,altes,2
1117,individuell,2
1118,zufällig,2
1119,interesse,2
1120,benutze,2
1121,bandbreite,2
1122,weint,2
1123,angefühlt,2
1124,aspekt,2
1125,ansprechen,2
1126,beziehen,2
1127,vierquadranten,2
1128,untereinander,2
1129,rückkopplung,2
1130,assistenzärzte,2
1131,assistenzärztin,2
1132,verunsichert,2
1133,wobei,2
1134,zusätzlich,2
1135,verwirrt,2
1136,methode,2
1137,speakingup,2
1138,seitdem,2
1139,leben,2
1140,gewuscht,2
1141,wiederhole,2
1142,aussagen,2
1143,schafft,2
1144,nutzbarkeit,2
1145,verhaltens,2
1146,kritikpunkte,2
1147,rest,2
1148,verschriftlicht,2
1149,form,2
1150,große,2
1151,wohin,2
1152,tolle,2
1153,kleine,2
1154,ran,2
1155,gesetzt,2
1156,spontan,2
1157,einsetzen,2
1158,handeln,2
1159,nenne,2
1160,umzugehen,2
1161,woran,2
1162,umsetzen,2
1163,äußern,2
1164,sohn,2
1165,runter,2
1166,halbe,2
1167,entbindung,2
1168,o,2
1169,gedächtnis,2
1170,befassen,2
1171,zurückkommen,2
1172,herausfordernd,2
1173,personalmangel,2
1174,kommunikationskompetenz,2
1175,reinnehmen,2
1176,welt,2
1177,übersichtlich,2
1178,reminder,2
1179,ideen,2
1180,vertiefte,2
1181,benennen,2
1182,entschuldigung,2
1183,hund,2
1184,gewissen,2
1185,anmerken,2
1186,ärztemangel,2
1187,kriege,2
1188,überleg,2
1189,befürworten,2
1190,größte,2
1191,geburtsvorbereitungskurs,2
1192,covid,2
1193,verbesserungspotential,2
1194,währe,2
1195,freiwilliges,2
1196,technikerkrankenkasse,2
1197,tagen,2
1198,geburtssituationen,2
1199,position,2
1200,nachgefragt,2
1201,sorge,2
1202,ohren,2
1203,klinikpersonal,2
1204,stresssituationen,2
1205,aktiv,2
1206,wild,2
1207,bringt,2
1208,ebene,2
1209,reinschreiben,2
1210,typische,2
1211,revue,2
1212,eingefallen,2
1213,frauenarzt,2
1214,layout,2
1215,kommunikationshilfen,2
1216,einfacher,2
1217,kürzer,2
1218,vorhinein,2
1219,durcheinander,2
1220,geredet,2
1221,jaja,2
1222,ebenfalls,2
1223,jacobs,2
1224,sensible,2
1225,verhindern,2
1226,klarer,2
1227,reflektierter,2
1228,phasen,2
1229,verwenden,2
1230,drittes,2
1231,angepasst,2
1232,hmmm,2
1233,wari,2
1234,besseres,2
1235,viertelstunde,2
1236,stunden,2
1237,speziell,2
1238,kontext,2
1239,kommunikationsmodelle,2
1240,modelle,2
1241,si,2
1242,theoretischen,2
1243,womit,2
1244,felder,2
1245,übersprungen,2
1246,sequenzen,2
1247,durchgespielt,2
1248,material,2
1249,leuten,2
1250,freitexte,2
1251,angucken,2
1252,theorien,2
1253,wechsel,2
1254,formuliert,2
1255,setzen,2
1256,abhängig,2
1257,hahahai,2
1258,reingekommen,2
1259,zugang,2
1260,erzählt,2
1261,erwartet,2
1262,stressige,2
1263,versorgt,2
1264,benötigt,2
1265,bedarf,2
1266,uniklinik,2
1267,okayi,2
1268,a,2
1269,b,2
1270,angenehm,2
1271,aufwachsen,2
1272,uraltes,2
1273,jahre,2
1274,blutungen,2
1275,lage,2
1276,nächstes,2
1277,herausgestellt,2
1278,jederzeit,2
1279,damals,2
1280,empfohlen,2
1281,stärken,2
1282,reklame,2
1283,informierte,2
1284,kritisch,2
1285,unterteilung,2
1286,getan,2
1287,nachgang,2
1288,ahhh,2
1289,klaren,2
1290,überlegungen,2
1291,kleines,2
1292,hundertprozentig,2
1293,passend,2
1294,skalen,2
1295,anzuwenden,2
1296,fein,2
1297,sichtfeld,2
1298,texte,2
1299,liegen,2
1300,iphone,2
1301,name,2
1302,mentale,2
1303,wirken,2
1304,gilt,2
1305,parteien,2
1306,mitbekommt,2
1307,fühle,2
1308,einordnen,2
1309,hang,2
1310,optik,2
1311,subjektiv,2
1312,up”,2
1313,vertiefen,2
1314,naiv,2
1315,weile,2
1316,legitim,2
1317,darf,2
1318,dunkel,2
1319,erkennen,2
1320,anderweitig,2
1321,ergebnisse,2
1322,hauptziel,2
1323,verbesserte,2
1324,unnötige,2
1325,unterstützen,2
1326,universitätskliniken,2
1327,schlafen,2
1328,schläft,2
1329,angemeldet,2
1330,unklar,2
1331,hilfe,2
1332,steuern,2
1333,mitarbeitern,2
1334,info,2
1335,möglichen,2
1336,bauch,2
1337,geschaut,2
1338,woanders,2
1339,geschuldet,2
1340,kennen,2
1341,vermittelt,2
1342,geklickt,2
1343,eingegeben,2
1344,pauset,2
1345,august,2
1346,zuständig,2
1347,geschildert,2
1348,brauchen,2
1349,navigieren,2
1350,klares,2
1351,durchspielt,2
1352,unterstützt,2
1353,freundinnen,2
1354,freunden,2
1355,lief,2
1356,beantworten,2
1357,beruflich,2
1358,gestärkt,2
1359,beinhaltet,2
1360,hormonen,2
1361,klasse,2
1362,großer,2
1363,natürliche,2
1364,richtigen,2
1365,medizinisch,2
1366,entscheidung,2
1367,geburten,2
1368,zentrale,2
1369,bedeutung,2
1370,miteinander,2
1371,beitrag,2
1372,leisten,2
1373,überzeugt,2
1374,auswertungen,2
1375,eigenes,2
1376,drücke,2
1377,erfahrener,2
1378,selbstbestimmter,2
1379,unterwegs,2
1380,außen,2
1381,ordentliche,2
1382,mitgeteilt,2
1383,urlaub,2
1384,schätze,2
1385,circa,2
1386,weitermachen,2
1387,einschließlich,2
1388,blöcken,2
1389,aufzuhören,2
1390,verraten,2
1391,wirtschaftspsychologischem,2
1392,studiert,2
1393,gesagte,2
1394,denkst,2
1395,krankenschwester,2
1396,schaffen,2
1397,tendenziell,2
1398,runtergehen,2
1399,negativen,2
1400,touch,2
1401,guckst,2
1402,wende,2
1403,arztbesuche,2
1404,bietet,2
1405,element,2
1406,nimmst,2
1407,anpasst,2
1408,gleiche,2
1409,management,2
1410,überrumpelt,2
1411,begleitung,2
1412,vermute,2
1413,bleibe,2
1414,habt,2
1415,wieviel,2
1416,entspannter,2
1417,beibehalten,2
1418,spannender,2
1419,zurückgenommen,2
1420,kanns,2
1421,bejahen,2
1422,angewandt,2
1423,selbstreflexion,2
1424,dynamischer,2
1425,optimalen,2
1426,beschwerden,2
1427,irritiert,2
1428,plus,2
1429,watch,2
1430,festes,2
1431,präsenter,2
1432,entwickelt,2
1433,ratings,2
1434,freigeschaltet,2
1435,verbirgt,2
1436,coole,2
1437,durchführen,2
1438,bedienen,2
1439,getippt,2
1440,ausgefallen,2
1441,tippen,2
1442,romane,2
1443,konstruktive,2
1444,rechnerisch,2
1445,hell,2
1446,jedenfalls,2
1447,bewertet,2
1448,zufriedenheit,2
1449,adresse,2
1450,stichpunkte,2
1451,kurze,2
1452,lag,2
1453,hat’s,2
1454,cookies,2
1455,ärgerlich,2
1456,ob’s,2
1457,löscht,2
1458,verlauf,2
1459,wüsste,2
1460,abends,2
1461,geklärt,2
1462,anklicken,2
1463,sowie,2
1464,bearbeitet,2
1465,schreibt,2
1466,eintragen,2
1467,überspringen,2
1468,ha,2
1469,angegeben,2
1470,privates,2
1471,konto,2
1472,juni,2
1473,erwartung,2
1474,umgesetzt,2
1475,würd,2
1476,einwandfrei,2
1477,krieg,2
1478,wochenbettstation,2
1479,haltung,2
1480,genauer,2
1481,ziele,2
1482,anwendet,2
1483,anzupassen,2
1484,verständlich,2
1485,fand‘s,2
1486,einstellen,2
1487,bräuchte,2
1488,gestern,2
1489,babyzeitapp,2
1490,informieren,2
1491,gibts,2
1492,schaue,2
1493,angeschaut,2
1494,hälfte,2
1495,vierohrenmodell,2
1496,freund,2
1497,signalisiert,2
1498,hause,2
1499,gedanklich,2
1500,store,2
1501,mitteln,2
1502,limitiert,2
1503,eingetippt,2
1504,modulen,2
1505,offenen,2
1506,theorie,2
1507,multiple,2
1508,choice,2
1509,einbauen,2
1510,antwortmöglichkeiten,2
1511,schreib,2
1512,erinnert,2
1513,notiert,2
1514,festgestellt,2
1515,überlegung,2
1516,komplizierter,2
1517,bezieht,2
1518,fehlte,2
1519,fallen,2
1520,geteilt,2
1521,bezogen,2
1522,verwendet,2
1523,homepage,2
1524,jahren,2
1525,schlicht,2
1526,dadrauf,2
1527,erstens,2
1528,unterhaltsamer,2
1529,widerspricht,2
1530,ansprechend,2
1531,tür,2
1532,wär,2
1533,apothekerin,2
1534,einschätzung,2
1535,forschung,2
1536,iokay,2
1537,leiden,2
1538,homeoffice,2
1539,kommunikationsapp,2
1540,absolviert,2
1541,weitergeklickt,2
1542,kamera,2
1543,klingt,2
1544,probieren,2
1545,schwierigen,2
1546,ungewohnten,2
1547,hauptmenü,2
1548,vorhin,2
1549,angeben,2
1550,tastatur,2
1551,bildschirm,2
1552,unterbrechen,2
1553,verlassen,2
1554,fragebögen,2
1555,häufig,2
1556,meinung,2
1557,kurs,2
1558,unangenehm,2
1559,artikulieren,2
1560,entspannung,2
1561,weitgehend,2
1562,zusammenarbeit,2
1563,beide,2
1564,anmeldung,2
1565,abgesehen,2
1566,maximal,2
1567,unglücklich,2
1568,effektiv,2
1569,zurückgekommen,2
1570,beginn,2
1571,schwerpunkte,2
1572,wählen,2
1573,kostengründe,2
1574,männer,2
1575,vorzubereiten,2
1576,autonom,2
1577,versichert,2
1578,geburtsvorbereitung,2
1579,weiteren,2
1580,hängt,2
1581,faktoren,2
1582,vorbereitungsmöglichkeiten,2
1583,prozess,2
1584,angeht,2
1585,anstoß,2
1586,strukturiert,2
1587,interpretiert,2
1588,gesprächsführung,2
1589,letztlich,2
1590,medizinisches,2
1591,freitextfelder,2
1592,thematik,2
1593,angekreuzt,2
1594,trainings,2
1595,emailadresse,2
1596,übermittelt,2
1597,unikliniken,2
1598,studien,2
1599,vorgeschichte,2
1600,mitgefühl,2
1601,rational,2
1602,thematisiert,2
1603,wenigsten,2
1604,intensiv,2
1605,betreut,2
1606,stattfinden,2
1607,morgens,2
1608,bett,2
1609,dramatisch,2
1610,satz,2
1611,irgendwohin,2
1612,benötigen,2
1613,hilfreichste,2
1614,beziehungsebene,2
1615,pflegepersonal,2
1616,betont,2
1617,ausnahmesituation,2
1618,facetten,2
1619,banal,2
1620,verbalisieren,2
1621,wunsch,2
1622,checkliste,2
1623,wichtigen,2
1624,besondere,2
1625,vertrauensperson,2
1626,dahin,2
1627,geäußert,2
1628,normalität,2
1629,zahlen,2
1630,preis,2
1631,anstecken,2
1632,beschönigen,2
1633,telefonat,2
1634,gestoßen,2
1635,verhalten,2
1636,einzelhandel,2
1637,erfahrungswert,2
1638,etc,2
1639,ehemann,2
1640,durchaus,2
1641,bestätigung,2
1642,gelaufen,2
1643,personalskommentar,2
1644,teilnehmerin,2
1645,endeffekt,2
1646,folgen,2
1647,weitere,2
1648,erklärungen,2
1649,interessen,2
1650,vorstellung,2
1651,habei,2
1652,treffen,2
1653,sei,2
1654,erhöhen,2
1655,hand,2
1656,wem,2
1657,einspruch,2
1658,wohl,2
1659,anbietet,2
1660,definitiv,2
1661,dürften,2
1662,rief,2
1663,okayt,2
1664,vorgeschlagen,2
1665,abend,2
1666,abenden,2
1667,beendet,2
1668,nachlesen,2
1669,mm,2
1670,iund,2
1671,loslegen,2
1672,se,2
1673,kartei,2
1674,gestaltung,2
1675,farbig,2
1676,reingeguckt,2
1677,redet,2
1678,konzentriert,2
1679,aufstellen,2
1680,not,2
1681,aufgabenblatt,2
1682,rating,2
1683,geplante,2
1684,freut,2
1685,hallt,1
1686,aufnahmegerät,1
1687,angemacht,1
1688,sodasst,1
1689,transkribieren,1
1690,erzähle,1
1691,interaktion,1
1692,teilnehmenden,1
1693,qualitativen,1
1694,teilnehmen,1
1695,schwägerin,1
1696,üblicherweise,1
1697,wochenapps,1
1698,kommunikationsfähigkeit,1
1699,wiei,1
1700,sot,1
1701,shopping,1
1702,tracking,1
1703,wiederholungskapitel,1
1704,hintergrundi,1
1705,dent,1
1706,nö,1
1707,karteikartenansicht,1
1708,zusammengefasst,1
1709,überprüfungen,1
1710,introduction,1
1711,behaupten,1
1712,sammeln,1
1713,isti,1
1714,begründen,1
1715,herkommt,1
1716,eingeben,1
1717,klarheit,1
1718,aufgespalten,1
1719,folie,1
1720,drückt,1
1721,irgendeinen,1
1722,durchgeht,1
1723,gewonnen,1
1724,langweilig,1
1725,closeuploop,1
1726,deswegeni,1
1727,stumpfes,1
1728,zurückklicken,1
1729,verhaltensplani,1
1730,momenti,1
1731,falsches,1
1732,einträgt,1
1733,berichtigen,1
1734,nachfolgenden,1
1735,rigide,1
1736,vierseiten,1
1737,ungünstig,1
1738,kästchen,1
1739,zoomen,1
1740,reingeschrieben,1
1741,war’s,1
1742,datensammlerei,1
1743,kommti,1
1744,hinschreiben,1
1745,assistenzärztinarzt,1
1746,ausgebildeter,1
1747,assistenzarzt,1
1748,fachärzte,1
1749,gynäkologinnen,1
1750,gynäkologen,1
1751,ausgebildete,1
1752,oberärzte,1
1753,möglicher,1
1754,unterstellung,1
1755,siebte,1
1756,wörter,1
1757,deutschen,1
1758,begriffen,1
1759,abalso,1
1760,bilden,1
1761,benutz,1
1762,vertraut,1
1763,übertragung,1
1764,speakingup”,1
1765,siet,1
1766,easy,1
1767,going,1
1768,schreibe,1
1769,gefühle,1
1770,versteht,1
1771,undt,1
1772,abschlussuntersuchung,1
1773,aussieht,1
1774,abschweifen,1
1775,ey,1
1776,wichtige,1
1777,schwangere,1
1778,hormon,1
1779,geladen,1
1780,taktiken,1
1781,reinrauschen,1
1782,morgen,1
1783,guckeni,1
1784,klappt,1
1785,verhaltensplan,1
1786,durchläufe,1
1787,darstellung,1
1788,außer,1
1789,könnteaufnahme,1
1790,gedächtnisprotokolls,1
1791,vertraulichen,1
1792,besprechen,1
1793,runde,1
1794,besserungsmöglichkeiten,1
1795,neini,1
1796,umsetzung,1
1797,hapern,1
1798,nett,1
1799,zurückgestanden,1
1800,versetzen,1
1801,eingegangen,1
1802,ebenen,1
1803,resolute,1
1804,gelegen,1
1805,heutigen,1
1806,entbinde,1
1807,tnfinde,1
1808,kindern,1
1809,zunächst,1
1810,unterbewusst,1
1811,solange,1
1812,schlimmste,1
1813,momentan,1
1814,ankommen,1
1815,extremsituationen,1
1816,rübergekommen,1
1817,angefeindet,1
1818,verständliche,1
1819,dermaßen,1
1820,außergewöhnlich,1
1821,bedingungen,1
1822,einwirken,1
1823,zurücksteht,1
1824,verantwortung,1
1825,vorinterviewpartnerinnen,1
1826,befassung,1
1827,herzustellen,1
1828,drinnehätte,1
1829,besinnen,1
1830,vorkenntnisse,1
1831,vorkenntnissen,1
1832,kenn,1
1833,kommst,1
1834,kannst,1
1835,sagst,1
1836,dürft,1
1837,rauslassen,1
1838,balkon,1
1839,aufhören,1
1840,pressen,1
1841,zurückgeschrieen,1
1842,platz,1
1843,igenau,1
1844,stört,1
1845,hochgeholt,1
1846,‚oh,1
1847,warte,1
1848,unprofitabel,1
1849,thematische,1
1850,supporten,1
1851,stärkt,1
1852,entscheidenden,1
1853,umfeld,1
1854,dankbar,1
1855,zugesprochen,1
1856,bestärkt,1
1857,kämpfen,1
1858,teilnahme,1
1859,praktischer,1
1860,unterzubringen,1
1861,digitale,1
1862,gesundheitsanwendung,1
1863,behandlungen,1
1864,krankheiten,1
1865,digitalen,1
1866,gesundheitsanwendungen,1
1867,verordnet,1
1868,kontrollieren,1
1869,niedrigschwelliger,1
1870,odern,1
1871,geburti,1
1872,etwa,1
1873,vorheri,1
1874,forschungsverteiler,1
1875,nachguckeni,1
1876,lerneni,1
1877,genützt,1
1878,rückversichern,1
1879,commonsense,1
1880,loopn,1
1881,alson,1
1882,hertztöne,1
1883,schlechter,1
1884,oje,1
1885,schlimmes,1
1886,notsektio,1
1887,sektio,1
1888,notsituation,1
1889,schulungsinhalt,1
1890,lachtn,1
1891,fuß,1
1892,getreten,1
1893,psychotherapeutini,1
1894,bekannti,1
1895,schultz,1
1896,mussi,1
1897,okok,1
1898,kommunikations,1
1899,codes,1
1900,fürs,1
1901,hektisch,1
1902,wurdei,1
1903,schmerzmittel,1
1904,geburtsvortschritt,1
1905,wolle,1
1906,melde,1
1907,akzeptiert,1
1908,genommeni,1
1909,darfi,1
1910,zurückschrecken,1
1911,äußere,1
1912,guten,1
1913,gegend,1
1914,wuseln,1
1915,geklappti,1
1916,brauchten,1
1917,son,1
1918,angeguckti,1
1919,schlechti,1
1920,miti,1
1921,bewertenn,1
1922,teili,1
1923,achsoi,1
1924,arztgespräche,1
1925,respektiere,1
1926,explizit,1
1927,aufführen,1
1928,einwandfreii,1
1929,wiegesagt,1
1930,freitextpasssagen,1
1931,nervig,1
1932,eintippen,1
1933,fließt,1
1934,doppeln,1
1935,verwirrend,1
1936,eindämpfen,1
1937,wirdi,1
1938,ganzes,1
1939,anreichernn,1
1940,anbelangt,1
1941,erstgebärende,1
1942,gebutssituation,1
1943,abläuft,1
1944,bestehen,1
1945,herum,1
1946,nei,1
1947,psychotherapeutin,1
1948,konzepte,1
1949,niederschwellig,1
1950,geringerem,1
1951,bildungsstand,1
1952,rekrutierung,1
1953,durchschnitt,1
1954,bevölkerung,1
1955,dasn,1
1956,habenn,1
1957,falli,1
1958,dochi,1
1959,berufs,1
1960,auseinandergesetzti,1
1961,seven,1
1962,mind,1
1963,achtsamkeitsapp,1
1964,gernen,1
1965,helfeni,1
1966,gutn,1
1967,aufwachsenn,1
1968,danki,1
1969,tschüssn,1
1970,tagi,1
1971,kleinem,1
1972,nirgendwo,1
1973,angeschlossen,1
1974,university,1
1975,sicheren,1
1976,hauptsache,1
1977,frankfurter,1
1978,zeitautnome,1
1979,beendigung,1
1980,projekts,1
1981,lektioneni,1
1982,nochi,1
1983,hintereinander,1
1984,wartezimmer,1
1985,gewartet,1
1986,einheiten,1
1987,geschätzti,1
1988,verlinkt,1
1989,schwören,1
1990,mitglieder,1
1991,zeitschrift,1
1992,beworben,1
1993,wasi,1
1994,verlief,1
1995,promoviert,1
1996,medizinieren,1
1997,medizinischer,1
1998,physik,1
1999,distanziert,1
2000,könntei,1
2001,emmalso,1
2002,kreis,1
2003,flott,1
2004,angewiesen,1
2005,eingebunden,1
2006,ergeben,1
2007,geburtskontext,1
2008,generellen,1
2009,schulz,1
2010,thunt,1
2011,jas,1
2012,merk,1
2013,dinger,1
2014,wieso,1
2015,prägnant,1
2016,behandelt,1
2017,übersichten,1
2018,ansätze,1
2019,freitext,1
2020,ausgefüllt,1
2021,passiv,1
2022,konsumieren,1
2023,gesprächsansätze,1
2024,dargestellt,1
2025,mitzunehmen,1
2026,gesamt,1
2027,dauer,1
2028,futter,1
2029,blumiger,1
2030,medien,1
2031,hackerts,1
2032,dacht,1
2033,braüchte,1
2034,worten,1
2035,vergleich,1
2036,abkürzung,1
2037,debrain,1
2038,benefits,1
2039,risks,1
2040,eingänglicher,1
2041,herleiten,1
2042,gutet,1
2043,entwicklungs,1
2044,kommunikationstechniki,1
2045,erinnernt,1
2046,perspektiven,1
2047,pflanzlich,1
2048,präzise,1
2049,reingeht,1
2050,skript,1
2051,zurechtgelegt,1
2052,abholen,1
2053,vorbesprechungen,1
2054,hahahat,1
2055,manschen,1
2056,äußeren,1
2057,wendung,1
2058,wehen,1
2059,schreiber,1
2060,hahaha,1
2061,managementt,1
2062,entfallen,1
2063,alsozum,1
2064,grundeinstellung,1
2065,nachhause,1
2066,ambulant,1
2067,anleitung,1
2068,gelegenheit,1
2069,station,1
2070,frauenärzten,1
2071,sowasi,1
2072,ulmt,1
2073,münchen,1
2074,doppeltes,1
2075,match,1
2076,anschauung,1
2077,videosequenzen,1
2078,gesprächs,1
2079,interagierren,1
2080,endfassung,1
2081,zwecken,1
2082,abchecken,1
2083,endgültige,1
2084,vorlauf,1
2085,weglässt,1
2086,durchklickt,1
2087,intuitive,1
2088,fehler,1
2089,abstürze,1
2090,unproblematisch,1
2091,passte,1
2092,lesbar,1
2093,wunderbari,1
2094,bildschirmt,1
2095,kurzen,1
2096,geburts,1
2097,tschüsst,1
2098,getrenntes,1
2099,dh,1
2100,wunderbar,1
2101,hatt,1
2102,angelegt,1
2103,verlängerung,1
2104,verantwortlicher,1
2105,tragischen,1
2106,vorkommen,1
2107,belastenden,1
2108,kindes,1
2109,geburtshilflichem,1
2110,vorteilhaft,1
2111,wart,1
2112,überführt,1
2113,herausfinden,1
2114,inwieweit,1
2115,geeignet,1
2116,gruppenevent,1
2117,eventuell,1
2118,schwangeren,1
2119,demnächst,1
2120,zehnte,1
2121,newsletter,1
2122,infoseiten,1
2123,forschungszweck,1
2124,mama,1
2125,aucht,1
2126,scheu,1
2127,beharrlichkeit,1
2128,legen,1
2129,fest,1
2130,stressig,1
2131,ärgert,1
2132,stören,1
2133,schwerpunkt,1
2134,hattent,1
2135,tatsache,1
2136,problematik,1
2137,mamas,1
2138,hilflos,1
2139,entlang,1
2140,hangeln,1
2141,aufzuschreiben,1
2142,strukturierter,1
2143,herangehensweiset,1
2144,unterteilt,1
2145,gefordert,1
2146,kluge,1
2147,kreativ,1
2148,schwerer,1
2149,griffiges,1
2150,freien,1
2151,circular,1
2152,zurückkommt,1
2153,hinzuweisen,1
2154,arztbesuchen,1
2155,arzttermin,1
2156,gehabti,1
2157,ähh,1
2158,festgestellte,1
2159,luft,1
2160,klargekommen,1
2161,mittlerweile,1
2162,button,1
2163,höchstens,1
2164,offiziell,1
2165,kleinste,1
2166,feinheit,1
2167,schritte,1
2168,berichtet,1
2169,bilder,1
2170,übereinander,1
2171,vorletzten,1
2172,generation,1
2173,anzuklicken,1
2174,mammli,1
2175,ängste,1
2176,ähnliches,1
2177,regelmäßiger,1
2178,verwende,1
2179,podcasts,1
2180,stichwort,1
2181,dezember,1
2182,gehören,1
2183,arten,1
2184,übungsfaktor,1
2185,dürfen,1
2186,fallbeispiele,1
2187,steuerung,1
2188,knuffiger,1
2189,fachlich,1
2190,weiterlesen,1
2191,kommunikationssache,1
2192,lernkarte,1
2193,sindi,1
2194,machbar,1
2195,alltags,1
2196,draufklickt,1
2197,vormittags,1
2198,nachmittags,1
2199,ergibt,1
2200,anreichern,1
2201,dauern,1
2202,umfangreicher,1
2203,freude,1
2204,tue,1
2205,anwendungen,1
2206,abschreckend,1
2207,umfangreich,1
2208,eingeschränktere,1
2209,hmmi,1
2210,closed,1
2211,erkenntnisgewinn,1
2212,subjektives,1
2213,empfindeni,1
2214,zweites,1
2215,nachrichtt,1
2216,eingegangeni,1
2217,fach,1
2218,joa,1
2219,anschluss,1
2220,bereiche,1
2221,plastischer,1
2222,jung,1
2223,etabliert,1
2224,unsicher,1
2225,normale,1
2226,entwickeln,1
2227,erfolgreiche,1
2228,adventszeit,1
2229,hallo,1
2230,konturen,1
2231,isoliert,1
2232,persönliches,1
2233,zustande,1
2234,einschläft,1
2235,möglicherweise,1
2236,überführen,1
2237,krankenversorgung,1
2238,schweren,1
2239,schädigungen,1
2240,traumen,1
2241,reflektiertere,1
2242,selbstbewusstere,1
2243,konsumentinnen,1
2244,partnern,1
2245,geburtshilfen,1
2246,probe,1
2247,markt,1
2248,kümmern,1
2249,zügig,1
2250,kooperation,1
2251,angestoßen,1
2252,kooperationspartner,1
2253,öffentlichkeitsarbeit,1
2254,anzufangen,1
2255,diabose,1
2256,rheuma,1
2257,beste,1
2258,anwalt,1
2259,informationsfluss,1
2260,unbekannte,1
2261,wolleni,1
2262,wills,1
2263,chrome,1
2264,geöffnet,1
2265,frageliste,1
2266,einzuloggen,1
2267,durchzuklicken,1
2268,berufsumfeld,1
2269,kommunikationi,1
2270,führung,1
2271,voran,1
2272,gekommeni,1
2273,bereut,1
2274,emails,1
2275,overflow,1
2276,geburtsinformationen,1
2277,überflutet,1
2278,login,1
2279,gebraucht,1
2280,erachtens,1
2281,registriereni,1
2282,missverstehen,1
2283,unterlegt,1
2284,menü,1
2285,springen,1
2286,durchklicke,1
2287,konkreterem,1
2288,pseudonym,1
2289,hati,1
2290,alsostillet,1
2291,bremer,1
2292,überwinden,1
2293,zusätzlichen,1
2294,aufwand,1
2295,niedrigschwellig,1
2296,handhabbar,1
2297,frei,1
2298,themenfelder,1
2299,suchen,1
2300,eingriffe,1
2301,zentralen,1
2302,energie,1
2303,richtiges,1
2304,ansagen,1
2305,eingenommen,1
2306,gewordeni,1
2307,sonstt,1
2308,prüfen,1
2309,verbesserungen,1
2310,geburtsklinik,1
2311,sorry,1
2312,jüngeren,1
2313,selbstverständnis,1
2314,advokatinnen,1
2315,strukturelles,1
2316,konfliktpotenzial,1
2317,zusammenkommen,1
2318,eingeleitet,1
2319,bevorzugen,1
2320,katastrophal,1
2321,becken,1
2322,abgewichen,1
2323,beckenschaufeli,1
2324,donnern,1
2325,abert,1
2326,traurigkeit,1
2327,begründungen,1
2328,nachgeliefert,1
2329,vorbeikommen,1
2330,vertrauen,1
2331,problematischen,1
2332,zählt,1
2333,scheint,1
2334,gesichtsausdruck,1
2335,hättent,1
2336,abgestimmt,1
2337,stressigen,1
2338,verändern,1
2339,ändert,1
2340,einverständniserklärung,1
2341,zurückbekommen,1
2342,einverständniserklärungi,1
2343,überraschung,1
2344,coronazeit,1
2345,‘kannst,1
2346,aufstehen’,1
2347,babybauch,1
2348,gründlicher,1
2349,gtn,1
2350,michne,1
2351,iich,1
2352,ivertretungshebamme,1
2353,aubschreiben,1
2354,geh,1
2355,tngenau,1
2356,wirtschaftspsychologie,1
2357,master,1
2358,abschluss,1
2359,wärztin,1
2360,zuviele,1
2361,verestehe,1
2362,igenervt,1
2363,iweil,1
2364,ngemacht,1
2365,abwandelt,1
2366,hochnäßig,1
2367,musstest,1
2368,glücklich,1
2369,reinversetze,1
2370,menschenaber,1
2371,verneinen,1
2372,enn,1
2373,swar,1
2374,wirkt,1
2375,diie,1
2376,sätze,1
2377,soviel,1
2378,diktieren,1
2379,vieri,1
2380,freundliche,1
2381,wohnen,1
2382,abschreiben,1
2383,auffällt,1
2384,schnitt,1
2385,erfolgreich,1
2386,krankenhausdaten,1
2387,positive,1
2388,veränderungen,1
2389,teilgenommen,1
2390,experiment,1
2391,zeitungebunden,1
2392,wegfällt,1
2393,all,1
2394,mündlich,1
2395,unterrichtet,1
2396,datenschutzgründen,1
2397,wow,1
2398,angezeigt,1
2399,sichersten,1
2400,themenbereich,1
2401,hergeleitete,1
2402,dasi,1
2403,gelernt,1
2404,meiste,1
2405,dreiviertel,1
2406,ui,1
2407,übungslektionen,1
2408,danni,1
2409,findeti,1
2410,gefolgt,1
2411,fand’s,1
2412,durchgeleitet,1
2413,irgendwiei,1
2414,reinkommen,1
2415,account,1
2416,anlegen,1
2417,relativi,1
2418,gelöscht,1
2419,machmal,1
2420,lag’s,1
2421,kolleginnen,1
2422,rückmeldung,1
2423,provider,1
2424,kampf,1
2425,ip,1
2426,funktionieren,1
2427,firma,1
2428,behoben,1
2429,maintenance,1
2430,anwenderinnenpraktisch,1
2431,nimmt,1
2432,erledigt,1
2433,aberi,1
2434,erledigtok,1
2435,abdeckt,1
2436,man’s,1
2437,perspektivenwechsel,1
2438,matte,1
2439,vorsorgeuntersuchungen,1
2440,beraten,1
2441,liste,1
2442,bekomme,1
2443,appt,1
2444,wei,1
2445,mittags,1
2446,dinge,1
2447,vorbildlich,1
2448,habeni,1
2449,unabhängig,1
2450,regelmäßig,1
2451,odert,1
2452,schrittzähler,1
2453,weiterzugeben,1
2454,fort,1
2455,bisscheni,1
2456,ausbauen,1
2457,vielleichti,1
2458,einstieg,1
2459,pflichtfrage,1
2460,ohr,1
2461,irgenetwas,1
2462,ausdenken,1
2463,erwarte,1
2464,ich’s,1
2465,rigidität,1
2466,einander,1
2467,anfangeni,1
2468,schritt,1
2469,anschauen,1
2470,reflektionen,1
2471,januar,1
2472,rückumschlag,1
2473,einverständnisi,1
2474,dankschön,1
2475,gewissheit,1
2476,erforderlich,1
2477,beschult,1
2478,studienkliniken,1
2479,anzubieten,1
2480,wieweit,1
2481,bisja,1
2482,september,1
2483,oktober,1
2484,tdurchgeklickt,1
2485,wochenweise,1
2486,zeitlang,1
2487,sommerferien,1
2488,unschöne,1
2489,geschichten,1
2490,auchdass,1
2491,vorstellt,1
2492,mitmache,1
2493,runterlade,1
2494,ausprobiere,1
2495,ich‘swürd,1
2496,rückblickend,1
2497,sagenokayes,1
2498,haken,1
2499,eingehen,1
2500,aufzählen,1
2501,überbegriff,1
2502,alsoweil,1
2503,allgemeinen,1
2504,rückfragent,1
2505,ermutigt,1
2506,abfertigen,1
2507,frag,1
2508,fachkräfte,1
2509,erträgt,1
2510,abgefertigt,1
2511,job,1
2512,unruhigen,1
2513,geht’s,1
2514,plani,1
2515,begleiten,1
2516,tendenz,1
2517,auszuweichen,1
2518,unangenehme,1
2519,differenzierter,1
2520,anspricht,1
2521,jaiund,1
2522,überflüssig,1
2523,gelernten,1
2524,beiich,1
2525,fachkraft,1
2526,empathiewechsel,1
2527,verpackt,1
2528,gezogen,1
2529,durchmacht,1
2530,verinnerlicht,1
2531,aufregenden,1
2532,erweitern,1
2533,zeitliche,1
2534,funktion,1
2535,gewisser,1
2536,zeitabstand,1
2537,ratingsskalen,1
2538,fülle,1
2539,vorsorgetermin,1
2540,kontakt,1
2541,fachpersonal,1
2542,abstand,1
2543,hilfreicher,1
2544,quittung,1
2545,aufwandsentschädigung,1
2546,rückerstattung,1
2547,aufpopptt,1
2548,scan,1
2549,ebenso,1
2550,diesei,1
2551,schaden,1
2552,krankenhausumfeld,1
2553,zb,1
2554,weitergemacht,1
2555,idas,1
2556,kommunikationsmodule,1
2557,auszumachen,1
2558,entspricht,1
2559,sicherzustellen,1
2560,rückfrage,1
2561,neuformulierung,1
2562,pädagogischen,1
2563,einschlag,1
2564,rollenspiel,1
2565,wissensgewinn,1
2566,sitzen,1
2567,durchgetaktet,1
2568,hineinfinden,1
2569,akzeptieren,1
2570,schwerste,1
2571,hättest,1
2572,fragt,1
2573,gespür,1
2574,zwischenzeitig,1
2575,häufiger,1
2576,ausgehe,1
2577,kreissäle,1
2578,jenachdem,1
2579,ausstrahlt,1
2580,ecke,1
2581,arrangieren,1
2582,hebammentermin,1
2583,verknüpfung,1
2584,einloggen,1
2585,passwort,1
2586,abgespeichert,1
2587,hingelegt,1
2588,sor,1
2589,wa,1
2590,mail,1
2591,unbequem,1
2592,tipp,1
2593,inhaltliche,1
2594,input,1
2595,motto,1
2596,praxisbeispiel,1
2597,formate,1
2598,extrakategorie,1
2599,ausgerichtet,1
2600,quizcharakter,1
2601,umsetzbar,1
2602,hierzu,1
2603,stellst,1
2604,praxisnahes,1
2605,eingetragen,1
2606,optimum,1
2607,notizzettel,1
2608,wissensinput,1
2609,kommt‘s,1
2610,wenn’s,1
2611,durchzuarbeiten,1
2612,geballt,1
2613,vielfältig,1
2614,praxisnah,1
2615,aufarbeiten,1
2616,fänd’s,1
2617,weitergehen,1
2618,zusammensetzt,1
2619,zuschalten,1
2620,kennengelernt,1
2621,geplant,1
2622,ergänzung,1
2623,bestätigt,1
2624,alltagsbezug,1
2625,hypothetische,1
2626,such,1
2627,aufschreibe,1
2628,vornehme,1
2629,darin,1
2630,schule,1
2631,pass,1
2632,ansprechbar,1
2633,machst,1
2634,beibringen,1
2635,tnjai,1
2636,forschungsprojekts,1
2637,obere,1
2638,sozusagendiese,1
2639,datenauswertung,1
2640,kommunikationsicherheit,1
2641,erwünscht,1
2642,landkreis,1
2643,g,1
2644,inee,1
2645,entbunden,1
2646,geworben,1
2647,oktnja,1
2648,einundhalb,1
2649,nebenher,1
2650,vormittag,1
2651,simmer,1
2652,abschnittsweise,1
2653,anfgefangen,1
2654,webinar,1
2655,stillen,1
2656,gestossen,1
2657,besonderes,1
2658,beschrieben,1
2659,zeitaufwand,1
2660,reinzuschreiben,1
2661,jeh,1
2662,öffnet,1
2663,einlogen,1
2664,leichtgängiger,1
2665,betrifft,1
2666,beispieelen,1
2667,beispielsituationen,1
2668,kkein,1
2669,vorhersehbar,1
2670,dialoge,1
2671,fängt,1
2672,eigenne,1
2673,kommunikationkompetenzen,1
2674,beruflichen,1
2675,irgendjemand,1
2676,spritze,1
2677,durchlesen,1
2678,mantn,1
2679,checken,1
2680,einheit,1
2681,anstrengenden,1
2682,tnem,1
2683,verkauf,1
2684,warscheinlich,1
2685,tnwas,1
2686,frühere,1
2687,ialso,1
2688,punkteprogram,1
2689,heist,1
2690,unzufrieden,1
2691,wünschen,1
2692,beispielgespräche,1
2693,beil,1
2694,visualisiert,1
2695,zeichentrickvideo,1
2696,jaso,1
2697,zeitintensiver,1
2698,gesamen,1
2699,angel,1
2700,geburtsvorbereitungskurse,1
2701,besprichtm,1
2702,mails,1
2703,bank,1
2704,youtube,1
2705,babycare,1
2706,program,1
2707,teilnehmem,1
2708,bekommenalso,1
2709,tnnee,1
2710,nichtija,1
2711,tnauf,1
2712,gesundheitsbereich,1
2713,schwester,1
2714,berührungspunkte,1
2715,durchgehend,1
2716,tngut,1
2717,d,1
2718,tschüsstn,1
2719,klinikdaten,1
2720,ioh,1
2721,vertretungshebamme,1
2722,aufschreiben,1
2723,kennenlernen,1
2724,psychologie,1
2725,masterabschluss,1
2726,meint,1
2727,abwandeln,1
2728,frauenarztpraxis,1
2729,reinsetzen,1
2730,sinvoll,1
2731,kann‘s,1
2732,tracke,1
2733,irriitiert,1
2734,rankings,1
2735,kartenkarten,1
2736,kürzen,1
2737,produzieren,1
2738,schlimme,1
2739,vorfälle,1
2740,unwohlsein,1
2741,universitären,1
2742,geburtshilfepersonal,1
2743,direktes,1
2744,tschuldigung,1
2745,kommunikationssachen,1
2746,kommunikationstrainings,1
2747,abgehackt,1
2748,müssten,1
2749,übergehen,1
2750,innerhalb,1
2751,weggegangen,1
2752,verbesserungsecken,1
2753,grundgegangen,1
2754,tauch,1
2755,telefonieren,1
2756,rufe,1
2757,schmiedhofer,1
2758,qualität,1
2759,aufklärung,1
2760,abzuarbeiten,1
2761,schieben,1
2762,finger,1
2763,wert,1
2764,schritten,1
2765,darunter,1
2766,eingeblendet,1
2767,ausgeblendet,1
2768,halben,1
2769,weggenommen,1
2770,seltenes,1
2771,samsung,1
2772,s,1
2773,android,1
2774,gängiges,1
2775,zurückzukehren,1
2776,einzusteigen,1
2777,prozentwerte,1
2778,eangeben,1
2779,hattei,1
2780,vorne,1
2781,testapp,1
2782,psychologen,1
2783,nahezu,1
2784,konstant,1
2785,überprüft,1
2786,mühe,1
2787,ernsthaft,1
2788,gesagtssie,1
2789,kommunikationskonzepte,1
2790,diet,1
2791,beinhalten,1
2792,kieferorthopädin,1
2793,patientenkommunikation,1
2794,totales,1
2795,unterbrochen,1
2796,lerneinheiten,1
2797,inhaltlichen,1
2798,detaillierter,1
2799,glaubt,1
2800,auffrischung,1
2801,nachschulung,1
2802,medizinfern,1
2803,entschieden,1
2804,autogenes,1
2805,hypnobirthing,1
2806,entsprechende,1
2807,atmung,1
2808,innere,1
2809,gelassenheit,1
2810,erreichen,1
2811,deckeneffektes,1
2812,alltägliches,1
2813,erlernte,1
2814,abzurufeni,1
2815,zutraut,1
2816,hinbekommt,1
2817,personalseite,1
2818,betreuen,1
2819,geburtsmedizin,1
2820,absolut,1
2821,strukturkonflikt,1
2822,negativ,1
2823,kommunikationspotenzial,1
2824,wiederum,1
2825,mitarbeiterin,1
2826,störend,1
2827,nächstgelegenen,1
2828,vorgespräch,1
2829,formulare,1
2830,mutterpass,1
2831,geklingelt,1
2832,unterlagen,1
2833,rausgerissen,1
2834,eindenken,1
2835,klinikalltag,1
2836,ausgestiegen,1
2837,erstaunliche,1
2838,effekte,1
2839,gruppenschulung,1
2840,meist,1
2841,zurückzunehmen,1
2842,klinikverhalten,1
2843,entschuldigt,1
2844,hatselber,1
2845,entgleist,1
2846,anbringen,1
2847,angebracht,1
2848,oderuntergegangen,1
2849,abgearbeitet,1
2850,ewigkeit,1
2851,folgenden,1
2852,gesessen,1
2853,effektives,1
2854,problemet,1
2855,tutorial,1
2856,graphiken,1
2857,demonstrieren,1
2858,anschaulich,1
2859,beginnen,1
2860,darstellen,1
2861,trainieren,1
2862,durcharbeiten,1
2863,individualisieren,1
2864,partnerapp,1
2865,geburtsbegleiter,1
2866,begleitpersonen,1
2867,modifiziert,1
2868,forschungsmittel,1
2869,hohe,1
2870,summe,1
2871,bereit,1
2872,übernehmen,1
2873,interessanter,1
2874,passendes,1
2875,instrument,1
2876,ausdifferenziert,1
2877,beine,1
2878,prüfärztin,1
2879,forschungsmitteln,1
2880,verläuft,1
2881,schönes,1
2882,weiterentwicklung,1
2883,heißen,1
2884,persönlichen,1
2885,verringerung,1
2886,webseite,1
2887,irgendwelchen,1
2888,ie,1
2889,motiv,1
2890,vollständig,1
2891,vereinfachen,1
2892,leicht,1
2893,wenigstens,1
2894,vorstellungen,1
2895,kleinere,1
2896,kritikpunkt,1
2897,schubser,1
2898,nutzungsmöglichkeit,1
2899,verteilt,1
2900,führender,1
2901,überall,1
2902,ih,1
2903,bestimmer,1
2904,formuliere,1
2905,abhängt,1
2906,formulierung,1
2907,hintergründe,1
2908,kommunikationsschwierigkeiten,1
2909,verständnisschwierigkeiten,1
2910,beruflicher,1
2911,privaten,1
2912,durchzugehen,1
2913,varianten,1
2914,ansprechperson,1
2915,besprechung,1
2916,nervt,1
2917,diejenige,1
2918,ausgehen,1
2919,legitimes,1
2920,gegenseite,1
2921,sprechstunde,1
2922,minute,1
2923,kostbar,1
2924,‚ich,1
2925,unnötig,1
2926,abgewickelt,1
2927,erfährt,1
2928,rezeption,1
2929,ordentlich,1
2930,geburtsprozess,1
2931,auseinanderzusetzen,1
2932,personalschulungen,1
2933,mentales,1
2934,zeitlichen,1
2935,reinversetzt,1
2936,arbeitet,1
2937,eventualitäten,1
2938,tricks,1
2939,deutlicher,1
2940,deutliche,1
2941,live,1
2942,fallstudien,1
2943,bespricht,1
2944,durchführt,1
2945,systematische,1
2946,zurückgegeben,1
2947,ankreuzt,1
2948,komm,1
2949,zudem,1
2950,kästenauswertung,1
2951,kenntnisstandes,1
2952,laune,1
2953,tageszeit,1
2954,angeklickt,1
2955,kurve,1
2956,gingwie,1
2957,nachgebessert,1
2958,zwischenstand,1
2959,gestört,1
2960,reinquetsche,1
2961,ablenkt,1
2962,konkreter,1
2963,zusammmenfassung,1
2964,ansehen,1
2965,anmeldeprozess,1
2966,geburtstermin,1
2967,vermuten,1
2968,nachdenke,1
2969,f,1
2970,geboren,1
2971,voraussichtlicher,1
2972,mitteilen,1
2973,webbassiert,1
2974,testphase,1
2975,aufgelegt,1
2976,stärker,1
2977,entbinden,1
2978,technischet,1
2979,test,1
2980,qualitätssicherung,1
2981,background,1
2982,forschungsprojekte,1
2983,initiative,1
2984,kommunikationsgrenzen,1
2985,stroße,1
2986,projekte,1
2987,ausgebildet,1
2988,öfters,1
2989,statistischen,1
2990,entscheidende,1
2991,ermutigend,1
2992,hoffentlich,1
2993,positiven,1
2994,weitergeht,1
2995,existiert,1
2996,beitragen,1
2997,währen,1
2998,manifestes,1
2999,verhindert,1
3000,geburtshelfende,1
3001,mailing,1
3002,list,1
3003,umfragen,1
3004,rumgeschickt,1
3005,undoder,1
3006,aushang,1
3007,uke,1
3008,rund,1
3009,kinderwunsch,1
3010,kommunikationslässe,1
3011,teilerfüllt,1
3012,elternseite,1
3013,belange,1
3014,abschnitten,1
3015,istdarüberich,1
3016,fanddass,1
3017,film,1
3018,brauchte,1
3019,einzulassen,1
3020,badewanne,1
3021,arzttermine,1
3022,hinausgingen,1
3023,sobald,1
3024,eintritt,1
3025,emotionale,1
3026,rationale,1
3027,durchdringen,1
3028,menschsein,1
3029,krankheitsausschreitungen,1
3030,wichtiger,1
3031,erleichtert,1
3032,ungemein,1
3033,verständigung,1
3034,ärgerfaktor,1
3035,erfahrungsumfeld,1
3036,hektik,1
3037,halb,1
3038,nachts,1
3039,abgeholt,1
3040,mutterkindstation,1
3041,monitorüberwachung,1
3042,verkabelt,1
3043,infusionen,1
3044,übermüdet,1
3045,ans,1
3046,rauscht,1
3047,unfassbar,1
3048,schwierige,1
3049,durchgerauscht,1
3050,pflegekräfte,1
3051,befunden,1
3052,geduld,1
3053,grundhaltung,1
3054,angenehmer,1
3055,rollenteilung,1
3056,konfliktstelle,1
3057,gesund,1
3058,munter,1
3059,unvorhergesehen,1
3060,diagnosen,1
3061,langsam,1
3062,versteh,1
3063,schalten,1
3064,einzuschalten,1
3065,emotionalen,1
3066,würd’s,1
3067,rat,1
3068,gynäkologischen,1
3069,nachuntersuchungen,1
3070,medizinerin,1
3071,lebensbedrohlich,1
3072,speicher,1
3073,stufe,1
3074,gegenseitige,1
3075,übersteigerte,1
3076,thematisieren,1
3077,prüfungssituation,1
3078,vermeintlich,1
3079,vermutlich,1
3080,beobachten,1
3081,ersichtlich,1
3082,hilfreicheren,1
3083,sprung,1
3084,erkennt,1
3085,ausnahmezuständen,1
3086,stichworte,1
3087,einfacht,1
3088,gesichtsausdrücke,1
3089,spielen,1
3090,einschätze,1
3091,relevant,1
3092,unterschieden,1
3093,waren‘s,1
3094,schwestern,1
3095,schlüsselding,1
3096,mitberücksichtigen,1
3097,gegenübersitzen,1
3098,diskussion,1
3099,monate,1
3100,berücksichtigen,1
3101,praktizieren,1
3102,baden,1
3103,meins,1
3104,eingelassen,1
3105,wanne,1
3106,breitschlagen,1
3107,spät,1
3108,verbalisiert,1
3109,worum’s,1
3110,zusammenfassen,1
3111,spiegeln,1
3112,praktiziert,1
3113,beobachtet,1
3114,rationaleren,1
3115,durfte,1
3116,letztes,1
3117,inhaltskapitel,1
3118,kommunikativ,1
3119,zusammensetzen,1
3120,bewahren,1
3121,eingefordert,1
3122,erläuterung,1
3123,zeitplan,1
3124,oberste,1
3125,dringlichkeitsstufe,1
3126,persönlicher,1
3127,einblick,1
3128,substanzielle,1
3129,anregungen,1
3130,unterschiedlichne,1
3131,babyt,1
3132,vorbereite,1
3133,deren,1
3134,größere,1
3135,mitgeben,1
3136,mehreren,1
3137,ärztlicher,1
3138,klareren,1
3139,emotional,1
3140,involviert,1
3141,hilfreichen,1
3142,halti,1
3143,papier,1
3144,durften,1
3145,kreißsaal,1
3146,besuchsverbote,1
3147,ausgesprochen,1
3148,klinikleitung,1
3149,empfanden,1
3150,eingriff,1
3151,berufsverständnis,1
3152,besucher,1
3153,sondersituation,1
3154,andauert,1
3155,ausgesetzt,1
3156,normal,1
3157,sämtlichen,1
3158,vorgesprächen,1
3159,hoffen,1
3160,infektionszulage,1
3161,getestete,1
3162,sample,1
3163,albtraum,1
3164,diagnose,1
3165,fühlten,1
3166,niemanden,1
3167,erkannt,1
3168,verschleiert,1
3169,frühen,1
3170,pandemie,1
3171,schutzmöglichkeiten,1
3172,überwunden,1
3173,forderung,1
3174,gesorgt,1
3175,masken,1
3176,baustelle,1
3177,engste,1
3178,lockert,1
3179,gynäkologie,1
3180,frühschwangerschaft,1
3181,fehlgeburten,1
3182,erfahrungsgemäß,1
3183,höheres,1
3184,risiko,1
3185,ctg,1
3186,bremen,1
3187,schwierigkeiteni,1
3188,projekthintergrundi,1
3189,kurzer,1
3190,telefoni,1
3191,babyapp,1
3192,weili,1
3193,wahrscheinlichere,1
3194,beteiligt,1
3195,würmchen,1
3196,geburtsberichte,1
3197,erfahrungsberichte,1
3198,bezüglich,1
3199,schont,1
3200,angetan,1
3201,neuigkeiten,1
3202,gebärende,1
3203,übliches,1
3204,vertrautes,1
3205,letzteres,1
3206,hinweg,1
3207,positionen,1
3208,unterhält,1
3209,draht,1
3210,keinster,1
3211,lustig,1
3212,klingen,1
3213,riesen,1
3214,pädagogisch,1
3215,lernt,1
3216,fix,1
3217,sucht,1
3218,mannes,1
3219,hingehe,1
3220,ramba,1
3221,zamba,1
3222,gleichermaßen,1
3223,abwimmeln,1
3224,sinnig,1
3225,interviewpartnerin,1
3226,verkaufsgesprächen,1
3227,theoretische,1
3228,praktisches,1
3229,positives,1
3230,hilfreiches,1
3231,lustigerweise,1
3232,schicksalhaft,1
3233,verschuldet,1
3234,missstand,1
3235,krankenhauses,1
3236,sorgsam,1
3237,gewählte,1
3238,retten,1
3239,herbeizaubern,1
3240,wahr,1
3241,personalkommunikation,1
3242,zaubern,1
3243,ressourcen,1
3244,machte,1
3245,normaler,1
3246,wirft,1
3247,unterhalten,1
3248,wahrnehmen,1
3249,personalsi,1
3250,sosie,1
3251,vorbereitungsgespräche,1
3252,erhalten,1
3253,besonderheit,1
3254,fünften,1
3255,verwachsen,1
3256,kilo,1
3257,gewogen,1
3258,monolog,1
3259,vorgeklatscht,1
3260,seltenst,1
3261,klappte,1
3262,strebe,1
3263,etcetera,1
3264,heraus,1
3265,fachwissen,1
3266,partnerin,1
3267,spannendste,1
3268,diesbezüglichen,1
3269,laget,1
3270,uhr,1
3271,schlimmer,1
3272,härte,1
3273,doof,1
3274,hinterher,1
3275,selbstauskunft,1
3276,augen,1
3277,dreien,1
3278,tolles,1
3279,gegenteil,1
3280,vermeidbar,1
3281,artikuliert,1
3282,geburtshilfliches,1
3283,entgegen,1
3284,weilt,1
3285,gemütlich,1
3286,konstruktiv,1
3287,zut,1
3288,runtergeladen,1
3289,dementsprechend,1
3290,freundin,1
3291,alte,1
3292,abgelaufen,1
3293,inhalt,1
3294,zusammengestellt,1
3295,hintergrundt,1
3296,betreuung,1
3297,telefonatt,1
3298,zurückrufen,1
3299,zurecht,1
3300,banane,1
3301,fällen,1
3302,nervositätssituation,1
3303,mediziners,1
3304,empfinden,1
3305,allerletzte,1
3306,hingekriegt,1
3307,transportiert,1
3308,einverstanden,1
3309,dumpf,1
3310,nochich,1
3311,halte,1
3312,näher,1
3313,eingestellt,1
3314,selbstständig,1
3315,traut,1
3316,umkehrpart,1
3317,abzutun,1
3318,drucksituation,1
3319,mitkommt,1
3320,anteil,1
3321,exerziert,1
3322,wiederholungsfragen,1
3323,reihenfolge,1
3324,raten,1
3325,typfrage,1
3326,mitfühlen,1
3327,abkürzen,1
3328,aufzugreifen,1
3329,verliert,1
3330,wahnsinnig,1
3331,ausreichen,1
3332,ausreichendt,1
3333,spekulieren,1
3334,optionen,1
3335,grundidee,1
3336,anregt,1
3337,empathischer,1
3338,einzustellen,1
3339,auszuarbeiten,1
3340,standen,1
3341,klassiker,1
3342,angeraten,1
3343,verspüre,1
3344,aufgezählt,1
3345,entsprechend,1
3346,vorsorge,1
3347,nachsorge,1
3348,dabeihatten,1
3349,einfache,1
3350,vorherigen,1
3351,fühlte,1
3352,reibungslos,1
3353,ablief,1
3354,kliniktasche,1
3355,nervös,1
3356,vernachlässigte,1
3357,sicherheit,1
3358,notfalls,1
3359,partei,1
3360,ergreift,1
3361,vaters,1
3362,unterstützer,1
3363,bonding,1
3364,glücklicherweise,1
3365,gelandet,1
3366,familienzimmer,1
3367,no,1
3368,go,1
3369,nervenaufreibend,1
3370,belastende,1
3371,zuzuschneiden,1
3372,zuschicken,1
3373,pdf,1
3374,wissenschaftlich,1
3375,auswerten,1
3376,unverfänglich,1
3377,rauskreuzen,1
3378,neutral,1
3379,jemandem,1
3380,gefüllt,1
3381,vereinbarten,1
3382,verwies,1
3383,teameinladung,1
3384,beendeten,1
3385,kurzem,1
3386,teamseinladung,1
3387,vorname,1
3388,forschungprojekt,1
3389,genannte,1
3390,planbarer,1
3391,anreisewege,1
3392,babyappi,1
3393,schwangerschafts,1
3394,rumgehangen,1
3395,auszuprobieren,1
3396,allgemeine,1
3397,reingegangen,1
3398,gecatcht,1
3399,lädt,1
3400,‚ach,1
3401,scheiße‘,1
3402,besseren,1
3403,übertiteln,1
3404,arztgesprächen,1
3405,durchgegangen,1
3406,boa,1
3407,geburtsanmeldung,1
3408,hebammengespräch,1
3409,geachtet,1
3410,ichperspektive,1
3411,ichbotschaft,1
3412,sende,1
3413,schmeißen,1
3414,wichtigkeit,1
3415,effektivität,1
3416,punktmodell,1
3417,erinnerni,1
3418,kanntei,1
3419,stelleni,1
3420,dast,1
3421,allerbesten,1
3422,punkteplan,1
3423,stressmanagment,1
3424,entspannte,1
3425,gemüte,1
3426,umsetzten,1
3427,pfff,1
3428,dasst,1
3429,jammm,1
3430,superi,1
3431,lesson,1
3432,gemach,1
3433,mitch,1
3434,angespornt,1
3435,weiterzumachen,1
3436,eigenbewertung,1
3437,kritisieren,1
3438,wiel,1
3439,hattedachte,1
3440,akute,1
3441,auszudenken,1
3442,gern,1
3443,wirkli,1
3444,h,1
3445,forschungsversion,1
3446,finanziell,1
3447,ausprobieren,1
3448,stattgefunden,1
3449,tipt,1
3450,gewöhnungsbedürftig,1
3451,selbsteinschätzungen,1
3452,kamen,1
3453,anmeldungsgespräch,1
3454,sinnvoller,1
3455,ständig,1
3456,hinterfragen,1
3457,cooler,1
3458,brauchent,1
3459,sprache,1
3460,videos,1
3461,nebenbei,1
3462,kostenpunkt,1
3463,optional,1
3464,ergänzend,1
3465,positiver,1
3466,zukommt,1
3467,daraufhin,1
3468,überprüfet,1
3469,nahe,1
3470,zukunfti,1
3471,tschüssi,1
3472,halten,1
3473,regeln,1
3474,sicherere,1
3475,körperliche,1
3476,kommunikative,1
3477,soziale,1
3478,programm,1
3479,dicken,1
3480,begeben,1
3481,nutzbar,1
3482,weder,1
3483,vorab,1
3484,fomale,1
3485,babyzeitschrift,1
3486,berufsverbot,1
3487,sektor,1
3488,physiotherapeut,1
3489,verloren,1
3490,einbaut,1
3491,nachgucken,1
3492,schwergefallen,1
3493,rekapitulieren,1
3494,kommunikationstechnik,1
3495,auseinander,1
3496,fuddeln,1
3497,grundzüge,1
3498,alpha,1
3499,beta,1
3500,weiterentwickelt,1
3501,glühbirnen,1
3502,symbol,1
3503,schrift,1
3504,einfarbig,1
3505,rotes,1
3506,ausrufezeichen,1
3507,hervorhebt,1
3508,nachvollziehen,1
3509,untergegangen,1
3510,zeitabschnitt,1
3511,round,1
3512,about,1
3513,zwölf,1
3514,tagesablauf,1
3515,grafischen,1
3516,weiterhilft,1
3517,beschäftigungsverbot,1
3518,ankommt,1
3519,jenseits,1
3520,kritischen,1
3521,kommunikationstrategien,1
3522,berechtigung,1
3523,bereichen,1
3524,mittelfristig,1
3525,reduziert,1
3526,nutzer,1
3527,wovon,1
3528,behält,1
3529,verfestigen,1
3530,parater,1
3531,speckt,1
3532,fokus,1
3533,umsetzt,1
3534,verwechselt,1
3535,vermischt,1
3536,wiederholungsübungen,1
3537,anzahl,1
3538,gleichberechtigt,1
3539,bestimmten,1
3540,übt,1
3541,einteilen,1
3542,unstrukturiert,1
3543,jetzigen,1
3544,andersrum,1
3545,wegschicken,1
3546,zimmer,1
3547,lachttn,1
3548,fassen,1
3549,essentiell,1
3550,einnehmen,1
3551,schwingt,1
3552,krankenhaussituation,1
3553,karteikarte,1
3554,lachentn,1
3555,zwölfte,1
3556,gesprächspartnerin,1
3557,muster,1
3558,wird’s,1
3559,veränderungswünschen,1
3560,vertieft,1
3561,persönlichkeit,1
3562,arbeits,1
3563,hierarchiegefälle,1
3564,therapeut,1
3565,uterus,1
3566,statt,1
3567,gebärmutter,1
3568,bloß,1
3569,k,1
3570,grenzen,1
3571,manwas,1
3572,umgekehrt,1
3573,priorisierung,1
3574,gehirn,1
3575,baldige,1
3576,fingern,1
3577,trommelt,1
3578,‚,1
3579,ne‘,1
3580,eile,1
3581,imitieren,1
3582,krasse,1
3583,aussortierung,1
3584,gedankengang,1
3585,wiederholungslektionen,1
3586,abfragen,1
3587,effektivsten,1
3588,reihung,1
3589,weiterbildung,1
3590,strukturieren,1
3591,bündeln,1
3592,eingang,1
3593,parallel,1
3594,zutrauen,1
3595,dummen,1
3596,aufschreibt,1
3597,schwangeres,1
3598,demenzgehirn,1
3599,jaah,1
3600,atmet,1
3601,tief,1
3602,planung,1
3603,bauchgebiet,1
3604,erreichbare,1
3605,alltagssituationen,1
3606,tiefe,1
3607,festigkeit,1
3608,integriert,1
3609,zeile,1
3610,x,1
3611,vornimmt,1
3612,reinbringt,1
3613,farben,1
3614,konkurrenz,1
3615,einheitliches,1
3616,farbkonzept,1
3617,separat,1
3618,bunt,1
3619,mitzumachen,1
3620,witzig,1
